{
 "v1": {
  "A": {
   "n": 16,
   "answer": [
    43.75,
    23.09836333518552,
    66.82180439322347
   ],
   "citation": [
    6.25,
    1.1119057308331208,
    28.32926836802987
   ],
   "both": [
    6.25,
    1.1119057308331208,
    28.32926836802987
   ],
   "format": [
    0.0,
    0,
    19.361341827271993
   ]
  },
  "B": {
   "n": 16,
   "answer": [
    43.75,
    23.09836333518552,
    66.82180439322347
   ],
   "citation": [
    62.5,
    38.64064709793481,
    81.5190174452472
   ],
   "both": [
    18.75,
    6.591478773586765,
    43.00935986845823
   ],
   "format": [
    0.0,
    0,
    19.361341827271993
   ]
  },
  "C": {
   "n": 16,
   "answer": [
    43.75,
    23.09836333518552,
    66.82180439322347
   ],
   "citation": [
    6.25,
    1.1119057308331208,
    28.32926836802987
   ],
   "both": [
    0.0,
    0,
    19.361341827271993
   ],
   "format": [
    93.75,
    71.67073163197013,
    98.88809426916687
   ]
  },
  "D": {
   "n": 16,
   "answer": [
    75.0,
    50.50123107060135,
    89.81809801576264
   ],
   "citation": [
    43.75,
    23.09836333518552,
    66.82180439322347
   ],
   "both": [
    37.5,
    18.480982554752806,
    61.3593529020652
   ],
   "format": [
    68.75,
    44.403931866734055,
    85.83556494803895
   ]
  }
 },
 "v2": {
  "A": {
   "n": 16,
   "answer": [
    43.75,
    23.09836333518552,
    66.82180439322347
   ],
   "citation": [
    6.25,
    1.1119057308331208,
    28.32926836802987
   ],
   "both": [
    6.25,
    1.1119057308331208,
    28.32926836802987
   ],
   "format": [
    0.0,
    0,
    19.361341827271993
   ]
  },
  "B": {
   "n": 16,
   "answer": [
    43.75,
    23.09836333518552,
    66.82180439322347
   ],
   "citation": [
    62.5,
    38.64064709793481,
    81.5190174452472
   ],
   "both": [
    18.75,
    6.591478773586765,
    43.00935986845823
   ],
   "format": [
    0.0,
    0,
    19.361341827271993
   ]
  },
  "C": {
   "n": 16,
   "answer": [
    50.0,
    27.99923761135083,
    72.00076238864916
   ],
   "citation": [
    0.0,
    0,
    19.361341827271993
   ],
   "both": [
    0.0,
    0,
    19.361341827271993
   ],
   "format": [
    100.0,
    80.63865817272801,
    100
   ]
  },
  "D": {
   "n": 16,
   "answer": [
    81.25,
    56.99064013154177,
    93.40852122641324
   ],
   "citation": [
    68.75,
    44.403931866734055,
    85.83556494803895
   ],
   "both": [
    56.25,
    33.17819560677652,
    76.90163666481448
   ],
   "format": [
    100.0,
    80.63865817272801,
    100
   ]
  }
 }
}