{
 "A": {
  "n": 22,
  "answer": [
   54.54545454545454,
   34.65947328904156,
   73.07998556799515
  ],
  "citation": [
   13.636363636363635,
   4.748917264236269,
   33.33541187947
  ],
  "both": [
   4.545454545454546,
   0.8069219301147859,
   21.798489499518052
  ],
  "format": [
   0.0,
   1.3877787807814457e-15,
   14.865952572596125
  ]
 },
 "B": {
  "n": 22,
  "answer": [
   81.81818181818183,
   61.482978023362136,
   92.69323397589488
  ],
  "citation": [
   27.27272727272727,
   13.150582015814441,
   48.15212369900198
  ],
  "both": [
   22.727272727272727,
   10.122890794820357,
   43.44035606295935
  ],
  "format": [
   0.0,
   1.3877787807814457e-15,
   14.865952572596125
  ]
 },
 "C": {
  "n": 22,
  "answer": [
   59.09090909090909,
   38.73447738289381,
   76.74444033117963
  ],
  "citation": [
   4.545454545454546,
   0.8069219301147859,
   21.798489499518052
  ],
  "both": [
   0.0,
   1.3877787807814457e-15,
   14.865952572596125
  ],
  "format": [
   100.0,
   85.13404742740389,
   100
  ]
 },
 "D": {
  "n": 22,
  "answer": [
   81.81818181818183,
   61.482978023362136,
   92.69323397589488
  ],
  "citation": [
   72.72727272727273,
   51.84787630099802,
   86.84941798418556
  ],
  "both": [
   68.18181818181817,
   47.318222782839335,
   83.63961264530751
  ],
  "format": [
   100.0,
   85.13404742740389,
   100
  ]
 }
}