{
 "v1": {
  "A": {
   "n": 20,
   "answer": [
    50.0,
    29.92949144298199,
    70.070508557018
   ],
   "citation": [
    15.0,
    5.236779195949584,
    36.04232958869574
   ],
   "both": [
    15.0,
    5.236779195949584,
    36.04232958869574
   ],
   "format": [
    10.0,
    2.7865893984153205,
    30.103820641179336
   ]
  },
  "B": {
   "n": 20,
   "answer": [
    90.0,
    69.89617935882066,
    97.21341060158468
   ],
   "citation": [
    50.0,
    29.92949144298199,
    70.070508557018
   ],
   "both": [
    45.0,
    25.819502085709296,
    65.79179916924002
   ],
   "format": [
    0.0,
    0,
    16.113012549493323
   ]
  },
  "C": {
   "n": 20,
   "answer": [
    65.0,
    43.285051021946465,
    81.88104521320554
   ],
   "citation": [
    15.0,
    5.236779195949584,
    36.04232958869574
   ],
   "both": [
    10.0,
    2.7865893984153205,
    30.103820641179336
   ],
   "format": [
    95.0,
    76.38641064874331,
    99.11187805671268
   ]
  },
  "D": {
   "n": 20,
   "answer": [
    65.0,
    43.285051021946465,
    81.88104521320554
   ],
   "citation": [
    85.0,
    63.95767041130426,
    94.7632208040504
   ],
   "both": [
    60.0,
    38.65779423152061,
    78.11960325858074
   ],
   "format": [
    95.0,
    76.38641064874331,
    99.11187805671268
   ]
  }
 },
 "v2": {
  "A": {
   "n": 20,
   "answer": [
    50.0,
    29.92949144298199,
    70.070508557018
   ],
   "citation": [
    15.0,
    5.236779195949584,
    36.04232958869574
   ],
   "both": [
    15.0,
    5.236779195949584,
    36.04232958869574
   ],
   "format": [
    10.0,
    2.7865893984153205,
    30.103820641179336
   ]
  },
  "B": {
   "n": 20,
   "answer": [
    90.0,
    69.89617935882066,
    97.21341060158468
   ],
   "citation": [
    50.0,
    29.92949144298199,
    70.070508557018
   ],
   "both": [
    45.0,
    25.819502085709296,
    65.79179916924002
   ],
   "format": [
    0.0,
    0,
    16.113012549493323
   ]
  },
  "C": {
   "n": 20,
   "answer": [
    45.0,
    25.819502085709296,
    65.79179916924002
   ],
   "citation": [
    15.0,
    5.236779195949584,
    36.04232958869574
   ],
   "both": [
    5.0,
    0.8881219432873135,
    23.613589351256675
   ],
   "format": [
    100.0,
    83.88698745050667,
    100
   ]
  },
  "D": {
   "n": 20,
   "answer": [
    75.0,
    53.12949900419365,
    88.8139947210597
   ],
   "citation": [
    95.0,
    76.38641064874331,
    99.11187805671268
   ],
   "both": [
    75.0,
    53.12949900419365,
    88.8139947210597
   ],
   "format": [
    100.0,
    83.88698745050667,
    100
   ]
  }
 }
}