{
 "A": {
  "n": 46,
  "answer": [
   50.0,
   36.11870167007236,
   63.88129832992764
  ],
  "citation": [
   4.3478260869565215,
   1.200519358883083,
   14.53252291905342
  ],
  "both": [
   4.3478260869565215,
   1.200519358883083,
   14.53252291905342
  ],
  "format": [
   2.1739130434782608,
   0.38477551112426345,
   11.335554494333024
  ],
  "answer_k": 23,
  "citation_k": 2,
  "both_k": 2,
  "format_k": 1
 },
 "B": {
  "n": 46,
  "answer": [
   82.6086956521739,
   69.27636765607747,
   90.91431643111075
  ],
  "citation": [
   45.65217391304348,
   32.154510421121984,
   59.82006503391957
  ],
  "both": [
   36.95652173913043,
   24.523559514309497,
   51.40016685081521
  ],
  "format": [
   0.0,
   0,
   7.707617732978073
  ],
  "answer_k": 38,
  "citation_k": 21,
  "both_k": 17,
  "format_k": 0
 },
 "C": {
  "n": 46,
  "answer": [
   32.608695652173914,
   20.865764564493357,
   47.03253725567292
  ],
  "citation": [
   2.1739130434782608,
   0.38477551112426345,
   11.335554494333024
  ],
  "both": [
   0.0,
   0,
   7.707617732978073
  ],
  "format": [
   100.0,
   92.29238226702192,
   100
  ],
  "answer_k": 15,
  "citation_k": 1,
  "both_k": 0,
  "format_k": 46
 },
 "D": {
  "n": 46,
  "answer": [
   60.86956521739131,
   46.456583717644925,
   73.60697764475115
  ],
  "citation": [
   82.6086956521739,
   69.27636765607747,
   90.91431643111075
  ],
  "both": [
   54.347826086956516,
   40.179934966080424,
   67.845489578878
  ],
  "format": [
   93.47826086956522,
   82.49699089621865,
   97.75725455336564
  ],
  "answer_k": 28,
  "citation_k": 38,
  "both_k": 25,
  "format_k": 43
 }
}